
-- INSERT INTO schema_version (version) VALUES (10);


--
-- Data for Name: sensors; Type: TABLE DATA; Schema:  Owner: hevelius
--

INSERT INTO sensors (sensor_id, name, resx, resy, pixel_x, pixel_y, bits, width, height) VALUES (1, 'QSI 583ws', 3326, 2504, 5.4, 5.4, 16, 17.96, 13.52);
INSERT INTO sensors (sensor_id, name, resx, resy, pixel_x, pixel_y, bits, width, height) VALUES (2, 'FLI Proline 16803', 4096, 4096, 9, 9, 16, 36.8, 36.8);

--
-- Data for Name: task_states; Type: TABLE DATA; Schema:  Owner: hevelius
--

INSERT INTO task_states (id, name, descr) VALUES (-2, 'DELETED TEMPLATE', 'A template that has been deleted');
INSERT INTO task_states (id, name, descr) VALUES (-1, 'DELETED', 'Tasks that were deleted');
INSERT INTO task_states (id, name, descr) VALUES (0, 'TEMPLATE', 'A task template');
INSERT INTO task_states (id, name, descr) VALUES (1, 'NEW', 'A task that has been recently added and not yet processed in any way');
INSERT INTO task_states (id, name, descr) VALUES (2, 'ACTIVATED', 'A task that has been processed by Tadek''s scheduler.');
INSERT INTO task_states (id, name, descr) VALUES (3, 'IN QUEUE', 'A task that''s in Nerpio queue');
INSERT INTO task_states (id, name, descr) VALUES (4, 'EXECUTED', 'A task been completed by the telescope, but the results hasn''t been processed yet');
INSERT INTO task_states (id, name, descr) VALUES (6, 'DONE', 'Task artifacts has been calibrated and Nerpio processing is complete');

--
-- Data for Name: telescopes; Type: TABLE DATA; Schema:  Owner: hevelius
--

INSERT INTO telescopes (scope_id, name, descr, min_dec, max_dec) VALUES (0, 'nerpio-0', 'Nerpio test', -30, 90);
INSERT INTO telescopes (scope_id, name, descr, min_dec, max_dec) VALUES (1, 'cdk12.5-nerpio', 'CDK 12.5" + QSI 583', -20, 90);
INSERT INTO telescopes (scope_id, name, descr, min_dec, max_dec) VALUES (2, 'cdk17-nerpio', 'CDK 17" + FLI Proline 16803', -16, 90);

--
-- Data for Name: users; Type: TABLE DATA; Schema:  Owner: hevelius
--
INSERT INTO users (user_id, login, pass, firstname, lastname, share, phone, email, permissions, aavso_id, ftp_login, ftp_pass, pass_d) VALUES (1, 'user1', 'pass1', 'Jan', 'Kowalski', 85580, '', 'jan.kowalski@example.com', 1, 'ABCD', 'ABCD', '1234abcd', '1234567890abcdef');
INSERT INTO users (user_id, login, pass, firstname, lastname, share, phone, email, permissions, aavso_id, ftp_login, ftp_pass, pass_d) VALUES (3, 'tomek', 'pass2', 'Tomek', 'Mrugalski', 0, '', 'tomasz.mrugalski@gmail.com', 1, 'MTOA', 'MTOA', '123456789abc', '64A47777E97C1E777779240ED7777362');

--
-- Data for Name: tasks; Type: TABLE DATA; Schema:  Owner: hevelius
--
INSERT INTO tasks (task_id, user_id, scope_id, object, ra, decl, exposure, descr, filter, binning, guiding, dither, defocus, calibrate, solve, vphot, other_cmd, min_alt, moon_distance, skip_before, skip_after, min_interval, comment, state, imagename, created, activated, performed, max_moon_phase, max_sun_alt, auto_center, calibrated, solved, sent, he_resx, he_resy, he_obsstart, he_exposure, he_settemp, he_ccdtemp, he_pixwidth, he_pixheight, he_xbinning, he_ybinning, he_filter, he_objectra, he_objectdec, he_objectalt, he_objectaz, he_objectha, he_site_lat, he_site_lon, he_pierside, he_jd, he_jd_helio, he_tracktime, he_focal, he_aperture_diam, he_aperture_area, he_scope, he_camera, he_moon_alt, he_moon_angle, he_moon_phase, he_sun_alt, he_solved, he_solved_ra, he_solved_dec, he_solved_refx, he_solved_refy, he_pixscalex, he_pixscaley, he_solved_ra_change_x, he_solved_ra_change_y, he_solved_dec_change_x, he_solved_dec_change_y, he_fwhm, he_stars, eccentricity, sensor_id) VALUES (12600, 1, 1, 'Z Peg', 0.00182, 25.8864, 20, 'M, 8.4-13.2, AAVSO LPV Bulletin, N(OBS)=71', 'SG', 2, false, false, false, true, true, false, NULL, 30, 25, '2016-08-25 06:06:00', '2016-09-25 06:06:00', 36000, 'na', 6, 'AAM/2016Q3/SFDB_2016-08-28_03-44-39_J012600__AAM_SG_2x2_0020s_Z Peg.fit', '2016-08-25 06:08:45', '2016-08-26 18:46:00', '2016-08-28 04:42:16', 100, -9, false, true, true, false, 2048, 2048, '2016-08-28 01:44:39', 20, -25, -25, 18, 18, 2, 2, 'SG', 0.0022222222222222222, 25.886666666666667, 77.8093, 181.6735, 0.0262, 38.16555555555556, -2.326388888888889, 'EAST', 2457628.5726736113, 2457628.577115, NULL, 2541, 318, 65412.458372049805, 'Planewave 12.5 CDK', 'FLI', 2.2, 168.2, -19.6, -37.4, 1, 0.029393, 25.888005, 1024, 1024, -1.471346, -1.471467, -0.000368, -0.000177, 0.000177, -0.000368, 1.58447729945, 172, NULL, 2);
INSERT INTO tasks (task_id, user_id, scope_id, object, ra, decl, exposure, descr, filter, binning, guiding, dither, defocus, calibrate, solve, vphot, other_cmd, min_alt, moon_distance, skip_before, skip_after, min_interval, comment, state, imagename, created, activated, performed, max_moon_phase, max_sun_alt, auto_center, calibrated, solved, sent, he_resx, he_resy, he_obsstart, he_exposure, he_settemp, he_ccdtemp, he_pixwidth, he_pixheight, he_xbinning, he_ybinning, he_filter, he_objectra, he_objectdec, he_objectalt, he_objectaz, he_objectha, he_site_lat, he_site_lon, he_pierside, he_jd, he_jd_helio, he_tracktime, he_focal, he_aperture_diam, he_aperture_area, he_scope, he_camera, he_moon_alt, he_moon_angle, he_moon_phase, he_sun_alt, he_solved, he_solved_ra, he_solved_dec, he_solved_refx, he_solved_refy, he_pixscalex, he_pixscaley, he_solved_ra_change_x, he_solved_ra_change_y, he_solved_dec_change_x, he_solved_dec_change_y, he_fwhm, he_stars, eccentricity, sensor_id) VALUES (14140, 3, 1, 'Z Peg', 0.00182, 25.8864, 20, 'M, 8.4-13.2, AAVSO LPV Bulletin, N(OBS)=71', 'SG', 2, false, false, false, true, true, false, NULL, 30, 25, '2016-09-01 17:25:00', '2016-10-02 17:25:00', 36000, 'na', 6, 'AAM/2016Q3/SFDB_2016-09-02_03-28-45_J014140__AAM_SG_2x2_0020s_Z Peg.fit', '2016-09-01 17:48:55', '2016-09-02 00:08:00', '2016-09-02 04:43:12', 100, -9, false, true, true, false, 2048, 2048, '2016-09-02 01:28:45', 20, -25, -25.0625, 18, 18, 2, 2, 'SG', 0.0022222222222222222, 25.886944444444445, 77.7613, 185.7213, 0.0898, 38.16555555555556, -2.326388888888889, 'EAST', 2457633.5616319445, 2457633.566317, NULL, 2541, 318, 65412.458372049805, 'Planewave 12.5 CDK', 'FLI', -44.8, 137.5, 0.5, -40.4, 1, 0.030246, 25.896155, 1024, 1024, -1.471474, -1.471628, -0.000369, -0.000177, 0.000177, -0.000369, 1.62903005481, 176, NULL, 2);
INSERT INTO tasks (task_id, user_id, scope_id, object, ra, decl, exposure, descr, filter, binning, guiding, dither, defocus, calibrate, solve, vphot, other_cmd, min_alt, moon_distance, skip_before, skip_after, min_interval, comment, state, imagename, created, activated, performed, max_moon_phase, max_sun_alt, auto_center, calibrated, solved, sent, he_resx, he_resy, he_obsstart, he_exposure, he_settemp, he_ccdtemp, he_pixwidth, he_pixheight, he_xbinning, he_ybinning, he_filter, he_objectra, he_objectdec, he_objectalt, he_objectaz, he_objectha, he_site_lat, he_site_lon, he_pierside, he_jd, he_jd_helio, he_tracktime, he_focal, he_aperture_diam, he_aperture_area, he_scope, he_camera, he_moon_alt, he_moon_angle, he_moon_phase, he_sun_alt, he_solved, he_solved_ra, he_solved_dec, he_solved_refx, he_solved_refy, he_pixscalex, he_pixscaley, he_solved_ra_change_x, he_solved_ra_change_y, he_solved_dec_change_x, he_solved_dec_change_y, he_fwhm, he_stars, eccentricity, sensor_id) VALUES (70556, 1, 2, 'Z Peg', 0.00182, 25.8864, 20, 'M, 8.4-13.2, AAVSO LPV Bulletin, N(OBS)=71', 'SG', 2, false, false, false, true, true, false, NULL, 30, 25, '2018-10-07 17:08:00', '2018-11-07 18:08:00', 36000, 'na', 6, 'AAM/2018Q4/SFDB_2018-11-06_22-32-34_J070556__AAM_SG_2x2_0020s_Z Peg.fit', '2018-10-07 17:09:48', '2018-10-07 17:46:00', '2018-11-07 03:43:30', 100, -10, false, true, true, false, 2048, 2048, '2018-11-06 21:32:34', 20, -20, -20, 18, 18, 2, 2, 'SG', 0.0019444444444444444, 25.8875, 76.5858, 206.7871, 0.4453, 38.16555555555556, -2.326388888888889, 'EAST', 2458429.3976157405, 2458429.40212, NULL, 2923, 432, 118197.39530566406, 'Planewave CDK 17', 'FLI PL 16803', -51.5, 47.6, -0.7, -52.2, 1, 0.042457, 25.930792, 1024, 1024, -1.275119, -1.275223, -0.000155, -0.000318, 0.000318, -0.000155, 1.92340811491, 174, NULL, 2);
INSERT INTO tasks (task_id, user_id, scope_id, object, ra, decl, exposure, descr, filter, binning, guiding, dither, defocus, calibrate, solve, vphot, other_cmd, min_alt, moon_distance, skip_before, skip_after, min_interval, comment, state, imagename, created, activated, performed, max_moon_phase, max_sun_alt, auto_center, calibrated, solved, sent, he_resx, he_resy, he_obsstart, he_exposure, he_settemp, he_ccdtemp, he_pixwidth, he_pixheight, he_xbinning, he_ybinning, he_filter, he_objectra, he_objectdec, he_objectalt, he_objectaz, he_objectha, he_site_lat, he_site_lon, he_pierside, he_jd, he_jd_helio, he_tracktime, he_focal, he_aperture_diam, he_aperture_area, he_scope, he_camera, he_moon_alt, he_moon_angle, he_moon_phase, he_sun_alt, he_solved, he_solved_ra, he_solved_dec, he_solved_refx, he_solved_refy, he_pixscalex, he_pixscaley, he_solved_ra_change_x, he_solved_ra_change_y, he_solved_dec_change_x, he_solved_dec_change_y, he_fwhm, he_stars, eccentricity, sensor_id) VALUES (52187, 3, 1, 'Z Peg', 0.00182, 25.8864, 20, 'M, 8.4-13.2, AAVSO LPV Bulletin, N(OBS)=71', 'SG', 2, false, false, false, true, true, false, NULL, 30, 25, '2017-09-29 17:29:00', '2017-10-30 18:29:00', 36000, 'na', 6, 'AAM/2017Q4/SFDB_2017-10-07_02-25-48_J052187__AAM_SG_2x2_0020s_Z Peg.fit', '2017-09-30 09:24:32', '2017-09-30 17:52:00', '2017-10-07 02:40:05', 100, -10, false, true, true, false, 2048, 2048, '2017-10-07 00:25:48', 20, -20, -20, 18, 18, 2, 2, 'SG', 0.0019444444444444444, 25.887777777777778, 69.344, 239.6709, 1.3199, 38.16555555555556, -2.326388888888889, 'EAST', 2458033.517916667, 2458033.523316, NULL, 2541, 318, 65412.458372049805, 'Planewave 12.5 CDK', 'FLI', 57.5, 34.2, -98, -56.7, 1, 0.055833, 25.883276, 1024, 1024, -1.471147, -1.471166, -0.000375, -0.000162, 0.000162, -0.000375, 1.62701820731, 169, NULL, 2);
INSERT INTO tasks (task_id, user_id, scope_id, object, ra, decl, exposure, descr, filter, binning, guiding, dither, defocus, calibrate, solve, vphot, other_cmd, min_alt, moon_distance, skip_before, skip_after, min_interval, comment, state, imagename, created, activated, performed, max_moon_phase, max_sun_alt, auto_center, calibrated, solved, sent, he_resx, he_resy, he_obsstart, he_exposure, he_settemp, he_ccdtemp, he_pixwidth, he_pixheight, he_xbinning, he_ybinning, he_filter, he_objectra, he_objectdec, he_objectalt, he_objectaz, he_objectha, he_site_lat, he_site_lon, he_pierside, he_jd, he_jd_helio, he_tracktime, he_focal, he_aperture_diam, he_aperture_area, he_scope, he_camera, he_moon_alt, he_moon_angle, he_moon_phase, he_sun_alt, he_solved, he_solved_ra, he_solved_dec, he_solved_refx, he_solved_refy, he_pixscalex, he_pixscaley, he_solved_ra_change_x, he_solved_ra_change_y, he_solved_dec_change_x, he_solved_dec_change_y, he_fwhm, he_stars, eccentricity, sensor_id) VALUES (67136, 1, 2, 'Z Peg', 0.00182, 25.8864, 20, 'M, 8.4-13.2, AAVSO LPV Bulletin, N(OBS)=71', 'SG', 2, false, false, false, true, true, false, NULL, 30, 25, '2018-09-04 17:59:00', '2018-10-05 17:59:00', 36000, 'na', 6, 'AAM/2018Q3/SFDB_2018-09-08_02-48-39_J067136__AAM_SG_2x2_0020s_Z Peg.fit', '2018-09-04 18:01:52', '2018-09-04 18:33:00', '2018-09-08 04:41:36', 100, -10, false, true, true, false, 2048, 2048, '2018-09-08 00:48:39', 20, -20, -20, 18, 18, 2, 2, 'SG', 0.0019444444444444444, 25.886388888888888, 77.5087, 166.1171, -0.2207, 38.16555555555556, -2.326388888888889, 'WEST', 2458369.5337847224, 2458369.538699, NULL, 2923, 412, 109799.57610364722, 'Planewave CDK 17', 'FLI PL 16803', -27.5, 124.9, -4.3, -45, 1, 0.037182, 25.906181, 1024, 1024, 1.270554, 1.270534, 0.000129, 0.000328, -0.000328, 0.000129, 1.54991101027, 179, NULL, 2);
INSERT INTO tasks (task_id, user_id, scope_id, object, ra, decl, exposure, descr, filter, binning, guiding, dither, defocus, calibrate, solve, vphot, other_cmd, min_alt, moon_distance, skip_before, skip_after, min_interval, comment, state, imagename, created, activated, performed, max_moon_phase, max_sun_alt, auto_center, calibrated, solved, sent, he_resx, he_resy, he_obsstart, he_exposure, he_settemp, he_ccdtemp, he_pixwidth, he_pixheight, he_xbinning, he_ybinning, he_filter, he_objectra, he_objectdec, he_objectalt, he_objectaz, he_objectha, he_site_lat, he_site_lon, he_pierside, he_jd, he_jd_helio, he_tracktime, he_focal, he_aperture_diam, he_aperture_area, he_scope, he_camera, he_moon_alt, he_moon_angle, he_moon_phase, he_sun_alt, he_solved, he_solved_ra, he_solved_dec, he_solved_refx, he_solved_refy, he_pixscalex, he_pixscaley, he_solved_ra_change_x, he_solved_ra_change_y, he_solved_dec_change_x, he_solved_dec_change_y, he_fwhm, he_stars, eccentricity, sensor_id) VALUES (69426, 1, 2, 'Z Peg', 0.00182, 25.8864, 20, 'M, 8.4-13.2, AAVSO LPV Bulletin, N(OBS)=71', 'SG', 1, false, false, false, true, true, false, NULL, 30, 25, '2018-09-29 06:47:00', '2018-10-30 07:47:00', 36000, 'na', 6, 'AAM/2018Q3/SFDB_2018-09-30_01-51-56_J069426__AAM_SG_1x1_0020s_Z Peg.fit', '2018-09-29 06:50:58', '2018-09-29 18:00:00', '2018-09-30 10:44:09', 100, -10, false, true, true, false, 4096, 4096, '2018-09-29 23:51:56', 20, -20, -20, 9, 9, 1, 1, 'SG', 0.0019444444444444444, 25.886944444444445, 77.3297, 197.2984, 0.2774, 38.16555555555556, -2.326388888888889, 'EAST', 2458391.4943981483, 2458391.499799, NULL, 2923, 432, 118197.39530566406, 'Planewave CDK 17', 'FLI PL 16803', 33.7, 59.7, -75.8, -54.5, 1, 0.044777, 25.880148, 2048, 2048, -0.636066, -0.636133, -6.5e-05, -0.000164, 0.000164, -6.5e-05, 3.27362413406, 178, NULL, 2);
INSERT INTO tasks (task_id, user_id, scope_id, object, ra, decl, exposure, descr, filter, binning, guiding, dither, defocus, calibrate, solve, vphot, other_cmd, min_alt, moon_distance, skip_before, skip_after, min_interval, comment, state, imagename, created, activated, performed, max_moon_phase, max_sun_alt, auto_center, calibrated, solved, sent, he_resx, he_resy, he_obsstart, he_exposure, he_settemp, he_ccdtemp, he_pixwidth, he_pixheight, he_xbinning, he_ybinning, he_filter, he_objectra, he_objectdec, he_objectalt, he_objectaz, he_objectha, he_site_lat, he_site_lon, he_pierside, he_jd, he_jd_helio, he_tracktime, he_focal, he_aperture_diam, he_aperture_area, he_scope, he_camera, he_moon_alt, he_moon_angle, he_moon_phase, he_sun_alt, he_solved, he_solved_ra, he_solved_dec, he_solved_refx, he_solved_refy, he_pixscalex, he_pixscaley, he_solved_ra_change_x, he_solved_ra_change_y, he_solved_dec_change_x, he_solved_dec_change_y, he_fwhm, he_stars, eccentricity, sensor_id) VALUES (87775, 3, 2, 'Z Peg', 0.00182, 25.8864, 40, 'M, 8.4-13.2, AAVSO LPV Bulletin, N(OBS)=71', 'SG', 2, false, false, false, true, true, false, NULL, 30, 25, '2019-06-22 19:32:00', '2019-07-23 19:32:00', 36000, 'na', 6, 'AAM/2019Q2/SFDB_2019-06-26_03-52-01_J087775__AAM_SG_2x2_0040s_Z Peg.fit', '2019-06-22 19:33:28', '2019-06-22 19:37:00', '2019-06-26 05:40:05', 100, -10, false, true, true, false, 2048, 2048, '2019-06-26 01:52:01', 40, -20, -20, 18, 18, 2, 2, 'SG', 0.0016666666666666668, 25.88222222222222, 38.2156, 84.8029, -4.0344, 38.16555555555556, -2.326388888888889, 'WEST', 2458660.577789352, 2458660.577365, NULL, 2923, 432, 118197.39530566406, 'Planewave CDK 17', 'FLI PL 16803', 13.4, 28.6, -43.8, -24.2, 1, 0.048815, 25.894316, 1024, 1024, 1.278098, 1.278078, 0.000157, 0.000318, -0.000318, 0.000157, 2.26156777143, 175, NULL, 2);
INSERT INTO tasks (task_id, user_id, scope_id, object, ra, decl, exposure, descr, filter, binning, guiding, dither, defocus, calibrate, solve, vphot, other_cmd, min_alt, moon_distance, skip_before, skip_after, min_interval, comment, state, imagename, created, activated, performed, max_moon_phase, max_sun_alt, auto_center, calibrated, solved, sent, he_resx, he_resy, he_obsstart, he_exposure, he_settemp, he_ccdtemp, he_pixwidth, he_pixheight, he_xbinning, he_ybinning, he_filter, he_objectra, he_objectdec, he_objectalt, he_objectaz, he_objectha, he_site_lat, he_site_lon, he_pierside, he_jd, he_jd_helio, he_tracktime, he_focal, he_aperture_diam, he_aperture_area, he_scope, he_camera, he_moon_alt, he_moon_angle, he_moon_phase, he_sun_alt, he_solved, he_solved_ra, he_solved_dec, he_solved_refx, he_solved_refy, he_pixscalex, he_pixscaley, he_solved_ra_change_x, he_solved_ra_change_y, he_solved_dec_change_x, he_solved_dec_change_y, he_fwhm, he_stars, eccentricity, sensor_id) VALUES (37392, 3, 1, 'Z Peg', 0.00182, 25.8864, 20, 'M, 8.4-13.2, AAVSO LPV Bulletin, N(OBS)=71', 'SG', 2, false, false, false, true, true, false, NULL, 30, 25, '2017-06-14 18:05:00', '2017-07-15 18:05:00', 36000, 'na', 6, 'AAM/2017Q2/SFDB_2017-06-19_04-43-26_J037392__AAM_SG_2x2_0020s_Z Peg.fit', '2017-06-14 18:06:34', '2017-06-18 19:49:00', '2017-06-19 04:39:10', 100, -10, false, true, true, false, 2048, 2048, '2017-06-19 02:43:26', 20, -20, -20, 18, 18, 2, 2, 'SG', 0.0016666666666666668, 25.8825, 43.2365, 88.5232, -3.6074, 38.16555555555556, -2.326388888888889, 'WEST', 2457923.6134953704, 2457923.612387, NULL, 2541, 318, 65412.458372049805, 'Planewave 12.5 CDK', 'FLI', 16.2, 28.2, -32.4, -18.8, 1, 0.021335, 25.887847, 1024, 1024, 1.471408, 1.471113, 0.000376, 0.00016, -0.000161, 0.000376, 2.6025342226, 166, NULL, 2);
INSERT INTO tasks (task_id, user_id, scope_id, object, ra, decl, exposure, descr, filter, binning, guiding, dither, defocus, calibrate, solve, vphot, other_cmd, min_alt, moon_distance, skip_before, skip_after, min_interval, comment, state, imagename, created, activated, performed, max_moon_phase, max_sun_alt, auto_center, calibrated, solved, sent, he_resx, he_resy, he_obsstart, he_exposure, he_settemp, he_ccdtemp, he_pixwidth, he_pixheight, he_xbinning, he_ybinning, he_filter, he_objectra, he_objectdec, he_objectalt, he_objectaz, he_objectha, he_site_lat, he_site_lon, he_pierside, he_jd, he_jd_helio, he_tracktime, he_focal, he_aperture_diam, he_aperture_area, he_scope, he_camera, he_moon_alt, he_moon_angle, he_moon_phase, he_sun_alt, he_solved, he_solved_ra, he_solved_dec, he_solved_refx, he_solved_refy, he_pixscalex, he_pixscaley, he_solved_ra_change_x, he_solved_ra_change_y, he_solved_dec_change_x, he_solved_dec_change_y, he_fwhm, he_stars, eccentricity, sensor_id) VALUES (54547, 3, 1, 'Z Peg', 0.00182, 25.8864, 20, 'M, 8.4-13.2, AAVSO LPV Bulletin, N(OBS)=71', 'SG', 2, false, false, false, true, true, false, NULL, 30, 25, '2017-10-14 16:38:00', '2017-11-14 17:38:00', 36000, 'na', 6, 'AAM/2017Q4/SFDB_2017-10-15_00-40-18_J054547__AAM_SG_2x2_0020s_Z Peg.fit', '2017-10-14 16:39:11', '2017-10-14 17:42:00', '2017-10-15 02:42:34', 100, -10, false, true, true, false, 2048, 2048, '2017-10-14 22:40:18', 20, -20, -20, 18, 18, 2, 2, 'SG', 0.0019444444444444444, 25.887777777777778, 77.7767, 185.2552, 0.0824, 38.16555555555556, -2.326388888888889, 'EAST', 2458041.4446527776, 2458041.449957, NULL, 2541, 318, 65412.458372049805, 'Planewave 12.5 CDK', 'FLI', -27.3, 126.8, -24.3, -55.8, 1, 0.03298, 25.889502, 1024, 1024, -1.471274, -1.471175, -0.000375, -0.000162, 0.000162, -0.000375, 1.28318850994, 172, NULL, 2);
INSERT INTO tasks (task_id, user_id, scope_id, object, ra, decl, exposure, descr, filter, binning, guiding, dither, defocus, calibrate, solve, vphot, other_cmd, min_alt, moon_distance, skip_before, skip_after, min_interval, comment, state, imagename, created, activated, performed, max_moon_phase, max_sun_alt, auto_center, calibrated, solved, sent, he_resx, he_resy, he_obsstart, he_exposure, he_settemp, he_ccdtemp, he_pixwidth, he_pixheight, he_xbinning, he_ybinning, he_filter, he_objectra, he_objectdec, he_objectalt, he_objectaz, he_objectha, he_site_lat, he_site_lon, he_pierside, he_jd, he_jd_helio, he_tracktime, he_focal, he_aperture_diam, he_aperture_area, he_scope, he_camera, he_moon_alt, he_moon_angle, he_moon_phase, he_sun_alt, he_solved, he_solved_ra, he_solved_dec, he_solved_refx, he_solved_refy, he_pixscalex, he_pixscaley, he_solved_ra_change_x, he_solved_ra_change_y, he_solved_dec_change_x, he_solved_dec_change_y, he_fwhm, he_stars, eccentricity, sensor_id) VALUES (15189, 3, 1, 'Z Peg', 0.00182, 25.8864, 20, 'M, 8.4-13.2, AAVSO LPV Bulletin, N(OBS)=71', 'SG', 2, false, false, false, true, true, false, NULL, 30, 25, '2016-09-08 18:26:00', '2016-10-09 18:26:00', 36000, 'na', 6, 'AAM/2016Q3/SFDB_2016-09-10_02-54-23_J015189__AAM_SG_2x2_0020s_Z Peg.fit', '2016-09-08 18:28:01', '2016-09-10 00:32:00', '2016-09-10 04:43:59', 100, -9, false, true, true, false, 2048, 2048, '2016-09-10 00:54:23', 20, -25, -25.0625, 18, 18, 2, 2, 'SG', 0.0022222222222222222, 25.88722222222222, 77.804, 182.5694, 0.0402, 38.16555555555556, -2.326388888888889, 'EAST', 2457641.5377662037, 2457641.542772, NULL, 2541, 318, 65412.458372049805, 'Planewave 12.5 CDK', 'FLI', -16.1, 7.3, 55.3, -45.6, 1, 0.024257, 25.89373, 1024, 1024, -1.471616, -1.471698, -0.000369, -0.000177, 0.000177, -0.000369, 1.46717562675, 176, NULL, 2);
INSERT INTO tasks (task_id, user_id, scope_id, object, ra, decl, exposure, descr, filter, binning, guiding, dither, defocus, calibrate, solve, vphot, other_cmd, min_alt, moon_distance, skip_before, skip_after, min_interval, comment, state, imagename, created, activated, performed, max_moon_phase, max_sun_alt, auto_center, calibrated, solved, sent, he_resx, he_resy, he_obsstart, he_exposure, he_settemp, he_ccdtemp, he_pixwidth, he_pixheight, he_xbinning, he_ybinning, he_filter, he_objectra, he_objectdec, he_objectalt, he_objectaz, he_objectha, he_site_lat, he_site_lon, he_pierside, he_jd, he_jd_helio, he_tracktime, he_focal, he_aperture_diam, he_aperture_area, he_scope, he_camera, he_moon_alt, he_moon_angle, he_moon_phase, he_sun_alt, he_solved, he_solved_ra, he_solved_dec, he_solved_refx, he_solved_refy, he_pixscalex, he_pixscaley, he_solved_ra_change_x, he_solved_ra_change_y, he_solved_dec_change_x, he_solved_dec_change_y, he_fwhm, he_stars, eccentricity, sensor_id) VALUES (800, 1, 1, 'NGC 4565', 12.6058, 25.9869, 300, 'Needle Galaxy', 'CV', 1, true, false, false, true, true, false, NULL, 30, 0, '2016-03-02 17:08:00', '2016-06-16 16:08:00', 0, '', 6, 'RJAC/2016Q1/__DB_2016-03-04_03-52-29_J000800_RJAC_CV_1x1_0300s_NGC 4565.fit', '2016-03-02 17:08:28', '2016-03-03 18:04:00', '2016-03-04 05:47:35', 100, -18, false, true, false, false, 3326, 2504, '2016-03-04 02:52:30', 300, -20, -20, 5.4, 5.4, 1, 1, 'CV', 12.606111111111112, 25.984166666666667, 72.3314, 230.4149, 1.0047, 38.16555555555556, -2.326388888888889, 'EAST', 2457451.6197916665, 2457451.626479, 10, 2541, 318, 65412.458372049805, 'Planewave 12.5 CDK', 'QSI 583ws S/N 00504709 HW 06.00.00 FW 05.02.09 PI 6.4.962.4', 0.6, 27.7, -28.9, -42.5, 0, NULL, NULL, NULL, NULL, NULL, NULL, NULL, NULL, NULL, NULL, NULL, NULL, NULL, 1);


--
-- Data for Name: objects; Type: TABLE DATA; Schema:  Owner: hevelius
--
INSERT INTO objects(name, altname, ra, decl, type, const, magn, x, y, comment) VALUES('C19', 'IC5146', 21.8917, 47.27, 'BN', 'Cyg', 10.0, 12, 12, 'Cocoon Neb');
INSERT INTO objects(name, altname, ra, decl, type, const, magn, x, y, comment) VALUES('C20', '7000', 20.9800, 44.33, 'BN', 'Cyg', 6.0, 120, 100, 'North American Nebula');
INSERT INTO objects(name, altname, ra, decl, type, const, magn, x, y, comment) VALUES('C27', '6888', 20.2000, 38.35, 'BN', 'Cyg', 7.5, 20, 10, 'Crescent Nebula');
INSERT INTO objects(name, altname, ra, decl, type, const, magn, x, y, comment) VALUES('C33', '6992/5', 20.9400, 31.72, 'SN', 'Cyg', 0, 60, 8, 'East Veil Nebula');
INSERT INTO objects(name, altname, ra, decl, type, const, magn, x, y, comment) VALUES('C34', '6960', 20.7617, 30.72, 'SN', 'Cyg', 0, 70, 6, 'West Veil Nebula');
INSERT INTO objects(name, altname, ra, decl, type, const, magn, x, y, comment) VALUES('C49', '2237-9', 6.5383, 5.05, 'BN', 'Mon', 0, 80, 60, 'Rosette Nebula');
INSERT INTO objects(name, altname, ra, decl, type, const, magn, x, y, comment) VALUES('C60', '4038', 12.0317, -18.87, 'ScG', 'Crv', 11.3, 2.6, 1.8, 'The Antennae');
INSERT INTO objects(name, altname, ra, decl, type, const, magn, x, y, comment) VALUES('C61', '4039', 12.0317, -18.88, 'ScG', 'Crv', 13.0, 3.2, 2.2, 'The Antennae');
INSERT INTO objects(name, altname, ra, decl, type, const, magn, x, y, comment) VALUES('C80', '5139', 13.4467, -47.48, 'GC', 'Cen', 3.6, 36, 36, 'Omega Centauri');
INSERT INTO objects(name, altname, ra, decl, type, const, magn, x, y, comment) VALUES('C92', '3372', 10.7300, -59.87, 'BN', 'Car', 6.2, 120, 120, 'Eta Carinae Nebula');
INSERT INTO objects(name, altname, ra, decl, type, const, magn, x, y, comment) VALUES('C99', '--', 12.8833, -63.00, 'DN', 'Cru', 0, 400, 300, 'Coal Sack');
